<?xml version="1.0" encoding="UTF-8"?>
<project xmlns="http://maven.apache.org/POM/4.0.0" xmlns:xsi="http://www.w3.org/2001/XMLSchema-instance" xsi:schemaLocation="http://maven.apache.org/POM/4.0.0 http://maven.apache.org/maven-v4_0_0.xsd">
  <modelVersion>4.0.0</modelVersion>
  <groupId>me.ronbo</groupId>
  <artifactId>core</artifactId>
  <name>RonboCore</name>
  <version>0.0.1-SNAPSHOT</version>
  <description>Core for Kastia written by Ronbo. Standard copyright laws apply, permission granted to Kastia for use during the duration of Ronbo's employment.</description>
  <url>http://www.ronbo.me</url>
  <build>
    <sourceDirectory>${basedir}/src/me/ronbo</sourceDirectory>
    <resources>
      <resource>
        <targetPath>.</targetPath>
        <filtering>true</filtering>
        <directory>${basedir}/src/main/resources/</directory>
        <includes>
          <include>plugin.yml</include>
        </includes>
      </resource>
    </resources>
    <finalName>RonboCore</finalName>
    <plugins>
      <plugin>
        <artifactId>maven-shade-plugin</artifactId>
        <version>2.3</version>
        <executions>
          <execution>
            <phase>package</phase>
            <goals>
              <goal>shade</goal>
            </goals>
          </execution>
        </executions>
        <configuration>
          <artifactSet>
            <includes>
              <include>redis.clients:jedis:*:*</include>
              <include>mysql:mysql-connector-java:*:*</include>
              <include>org.apache.commons:commons-pool2:jar:*:*</include>
              <include>com.zaxxer:HikariCP-java6:*:*</include>
              <include>org.slf4j:slf4j-api:*:*</include>
              <include>org.slf4j:slf4j-simple:*:*</include>
              <include>org.javassist:javassist:*:*</include>
            </includes>
          </artifactSet>
        </configuration>
      </plugin>
    </plugins>
  </build>
  <repositories>
    <repository>
      <id>bukkit-repo</id>
      <url>http://repo.bukkit.org/content/groups/public/</url>
    </repository>
  </repositories>
  <dependencies>
    <dependency>
      <groupId>org.bukkit</groupId>
      <artifactId>bukkit</artifactId>
      <version>1.7.9-R0.2</version>
      <scope>compile</scope>
    </dependency>
    <dependency>
      <groupId>org.apache.maven.plugins</groupId>
      <artifactId>maven-shade-plugin</artifactId>
      <version>2.2</version>
      <scope>compile</scope>
    </dependency>
  </dependencies>
</project>

